{
    "SensorOffsets": {
        "Sensor1": 9.964719044072147,
        "Sensor2": -1.1517758775773228
    }
}


